,player_name,age,pos,mp,pts,ast,trb,stl,blk,fg_pct,3p_pct,ft_pct,tov,fga,3pa,2pa,fta,orb,drb,per,bpm,vorp,usg
0,Mikal Bridges,28,SF,3036,17.1,3.6,3.1,0.9,0.5,0.5,0.354,0.814,1.6,14,5.5,8.5,1.4,0.8,2.2,14,-0.5,1.2,19.6
1,Josh Hart,29,SG,2897,13.1,5.6,9.2,1.5,0.3,0.525,0.333,0.776,2,9.6,3.1,6.4,2.5,2,7.2,16.5,2.8,3.6,15.3
2,Anthony Edwards,23,SG,2871,27.3,4.5,5.6,1.1,0.6,0.447,0.395,0.837,3.1,20.2,10.2,10,6.2,0.8,4.9,20.1,4.3,4.6,31.4
3,Devin Booker,28,SG,2795,24.8,6.8,3.9,0.9,0.2,0.461,0.332,0.894,2.8,18.3,7.1,11.2,6.2,1,2.9,19.3,0.4,1.7,29.3
4,James Harden,35,PG,2789,23.3,8.9,5.9,1.5,0.7,0.41,0.352,0.874,4.4,16.7,8.6,8.1,7.5,0.7,5.2,20,4.3,4.4,29.6
5,DeMar DeRozan,35,SF,2768,22.2,4.4,3.9,0.8,0.4,0.477,0.328,0.857,1.4,17,3.3,13.7,5.7,0.7,3.2,17.7,-0.1,1.3,25
6,Trae Young,26,PG,2739,24.2,11.6,3.1,1.2,0.2,0.411,0.34,0.875,4.7,18.1,8.4,9.6,7.4,0.5,2.6,18.3,0.5,1.7,29.6
7,Tyler Herro,25,SG,2725,24.3,5.6,5.3,0.9,0.2,0.472,0.375,0.878,2.6,18.2,8.9,9.4,4.3,0.5,4.8,19.7,3.1,3.5,28
8,OG Anunoby,27,PF,2706,17.7,2.2,4.8,1.5,0.9,0.476,0.372,0.81,1.4,13.7,6.1,7.5,3,1.3,3.5,15.4,0.7,1.9,19.7
9,Jalen Green,22,SG,2697,23,3.8,5,0.9,0.4,0.423,0.354,0.813,2.7,19.2,8.8,10.4,4.5,0.6,4.4,15.1,0.5,1.7,27.3
10,Christian Braun,23,SG,2675,16.4,2.8,5.5,1.1,0.5,0.58,0.397,0.827,1.1,11,3,8,2.9,1.3,4.2,16,0.3,1.6,15.8
11,Bam Adebayo,27,C,2674,19,4.5,10.1,1.3,0.7,0.485,0.357,0.765,2.2,15,3,12,4.4,2.5,7.6,18.9,2,2.7,23.5
12,Jayson Tatum,26,PF,2624,26.5,5.9,8.5,1,0.5,0.452,0.343,0.814,2.9,20.1,10,10.1,6,0.7,7.9,21.7,5.2,4.8,31.2
13,Jaden McDaniels,24,PF,2614,13.8,2.2,6.5,1.5,1,0.477,0.33,0.813,1.3,11.5,4.2,7.3,1.8,1.8,4.7,13.3,0,1.4,16.3
14,Keegan Murray,24,PF,2610,13,1.5,7,0.8,1,0.444,0.343,0.833,0.8,11.3,6.2,5.1,1,2,5,12,-1.6,0.2,15
15,Zach LaVine,29,SF,2602,23.9,4.3,4.4,0.8,0.2,0.511,0.446,0.825,2.9,16.9,7.4,9.5,3.9,0.3,4.1,17.3,0.7,1.8,25.3
16,Zach LaVine,29,SF,1432,25.3,4.8,5.1,1,0.3,0.511,0.446,0.797,3,17.8,7.7,10.2,4.6,0.3,4.8,18.4,1.6,1.3,26.6
17,Zach LaVine,29,SG,1170,22.1,3.7,3.5,0.6,0.1,0.511,0.446,0.874,2.7,15.8,7.1,8.7,3.2,0.3,3.2,15.9,-0.4,0.5,23.7
18,Shai Gilgeous-Alexander,26,PG,2598,34.4,6.7,5.3,1.8,1.1,0.519,0.375,0.898,2.5,22.9,6,16.9,9.3,0.9,4.3,30.7,11.5,8.9,34.8
19,Michael Porter Jr.,26,SF,2593,19.4,2.3,7.5,0.7,0.5,0.504,0.395,0.768,1.4,14.5,6.8,7.8,2.7,1.9,5.6,16.2,-0.1,1.2,20.2
20,Derrick White,30,SG,2574,17.5,5,4.8,1,1.1,0.442,0.384,0.839,1.8,13.4,9.7,3.7,2.3,0.9,3.8,16.6,3.5,3.6,19.8
21,Dyson Daniels,21,SG,2571,15,4.7,6.3,3.2,0.8,0.493,0.34,0.593,2.2,12.9,3.3,9.6,2,1.7,4.6,15.6,1.5,2.3,18.2
22,Nikola Jokié?,29,C,2571,29,10,12.5,1.8,0.6,0.576,0.417,0.8,3.2,19.1,4.6,14.5,6.3,2.8,9.7,32,13.3,9.8,29.5
23,Austin Reaves,26,SG,2550,20.8,5.9,4.6,1.1,0.3,0.46,0.377,0.877,2.5,14.6,7.5,7.1,5.2,0.9,3.8,18.1,1.9,2.6,23.7
24,Toumani Camara,24,PF,2548,12.5,2.5,6.4,1.6,0.7,0.458,0.375,0.722,1.5,10.1,5.1,5,1.8,2.4,3.9,12.5,-0.1,1.2,14.4
25,Pascal Siakam,30,PF,2548,22.3,3.7,7.6,1,0.6,0.519,0.389,0.734,1.5,16.7,4.6,12.1,4.4,1.9,5.8,19.2,1.7,2.4,24.2
26,Brook Lopez,36,C,2546,14.7,2,5.7,0.7,2.1,0.509,0.373,0.826,1.2,10.9,5.3,5.7,2,1.6,4.1,14.8,0.8,1.8,15.8
27,Karl-Anthony Towns,29,C,2517,25.2,3.2,13.2,1,0.7,0.526,0.42,0.829,2.7,17.4,4.8,12.5,5.8,3,10.1,23.4,3.6,3.5,27.4
28,Bub Carrington,19,PG,2458,11.8,5.3,5,0.8,0.3,0.401,0.339,0.812,2.1,11,6,5,1.2,0.5,4.5,9,-4.6,-1.6,15.8
29,Cade Cunningham,23,PG,2452,26.9,9.4,6.2,1,0.8,0.469,0.356,0.846,4.5,21.4,6.1,15.3,5.4,0.8,5.4,20.6,3.9,3.7,33.2
30,Tyrese Haliburton,24,PG,2451,20,9.9,3.8,1.5,0.7,0.473,0.388,0.851,1.8,14.8,8.3,6.5,3.3,0.6,3.2,21.8,5.8,4.9,21.6
31,Coby White,24,SG,2450,22.2,4.8,4,1,0.2,0.453,0.37,0.902,2.6,16.5,8.6,7.9,4.5,0.4,3.6,15.5,-0.9,0.7,24.4
32,LeBron James,40,SF,2444,25.2,8.5,8,1,0.6,0.513,0.376,0.782,3.8,18.7,5.8,12.9,4.9,1.1,7,22.7,5.6,4.7,30.1
33,Domantas Sabonis,28,C,2429,19.8,6.3,14.4,0.7,0.4,0.59,0.417,0.754,3,13.2,2.3,10.9,4.3,4,10.4,22.9,5.2,4.4,21.6
34,Jamal Murray,27,PG,2418,21.4,6,3.9,1.4,0.5,0.474,0.393,0.886,2.1,16.7,5.9,10.8,3.7,0.7,3.2,17.8,0.8,1.7,24
35,Alperen è?eng?¨n,22,C,2395,21.8,5.6,11.8,1.3,0.9,0.496,0.233,0.692,2.9,17.2,1.4,15.8,6.4,3.9,7.9,21.4,4.4,3.9,26.2
36,Dillon Brooks,29,SF,2388,15.9,1.9,4.1,0.9,0.2,0.429,0.397,0.818,1.1,13.5,7.1,6.4,1.8,1.1,3,11,-1.4,0.4,17.7
37,Tobias Harris,32,PF,2305,15.6,2.5,6.7,1.2,0.9,0.477,0.345,0.861,1.3,12.6,4.1,8.4,2.6,1,5.7,13.9,0.1,1.2,17.6
38,Darius Garland,25,PG,2301,24.2,7.9,3.3,1.4,0.2,0.472,0.401,0.878,3,18.4,8.3,10.1,4,0.7,2.6,19.9,3.1,3,27.2
39,Jalen Brunson,28,PG,2301,26.4,7.4,2.9,0.9,0.1,0.488,0.383,0.821,2.6,18.8,6.2,12.6,7,0.4,2.5,21.6,3.3,3.1,29.5
40,Jarrett Allen,26,C,2296,17.3,2.5,12.5,1.2,1.1,0.706,0,0.718,1.5,10,0.1,10,4.3,3.4,9.1,22.1,4.2,3.6,15.9
41,Chris Paul,39,PG,2292,11.4,9.5,4.6,1.6,0.3,0.427,0.377,0.924,2,9.2,5.8,3.3,1.4,0.5,4.1,14.7,0.8,1.6,14
42,Anfernee Simons,25,SG,2292,21.2,5.3,3,0.9,0.1,0.426,0.363,0.902,2.2,17.7,9.3,8.4,3,0.4,2.6,14.9,-0.1,1.1,24.6
43,Giannis Antetokounmpo,30,PF,2289,32,6.8,12.6,0.9,1.2,0.601,0.222,0.617,3.2,20.7,1,19.8,11.1,2.3,10.2,30.5,9.5,6.6,35.2
44,Malik Beasley,28,SG,2283,21.1,2.2,3.4,1.2,0.1,0.43,0.416,0.679,1.3,16.9,12.1,4.8,2.2,0.7,2.6,14.4,0.8,1.6,22.5
45,Kentavious Caldwell-Pope,31,SG,2279,10.6,2.1,2.7,1.6,0.5,0.439,0.342,0.863,1,8.6,5.2,3.4,1.5,0.5,2.1,9.9,-1.4,0.3,12.4
46,Nikola Vuéçevié?,34,C,2278,21.3,4,11.6,1,0.8,0.53,0.402,0.805,1.9,16.4,5.1,11.3,2.4,2.8,8.8,20.3,2.6,2.7,22.4
47,Payton Pritchard,27,PG,2271,18.1,4.4,4.9,1.1,0.2,0.472,0.407,0.845,1.3,13.7,9.9,3.8,1.3,1.6,3.2,17.6,3.5,3.2,19
48,Kevin Durant,36,PF,2265,26.2,4.2,5.9,0.8,1.2,0.527,0.43,0.839,3,17.9,5.9,12,5.7,0.4,5.6,21.2,3.2,3,28.7
49,Shaedon Sharpe,21,SG,2252,21.3,3.2,5.2,1,0.3,0.452,0.311,0.785,2.4,17.6,7.5,10.1,3.9,1.1,4.1,14.5,-1.3,0.4,25.1
50,Stephen Curry,36,PG,2252,27.5,6.7,5,1.3,0.5,0.448,0.397,0.933,3.2,20.1,12.5,7.6,4.8,0.6,4.3,21.5,6.3,4.8,29.8
51,De'Aaron Fox,27,PG,2241,23.4,6.3,4.8,1.5,0.4,0.463,0.31,0.827,2.8,18.7,6.1,12.6,5.1,0.9,3.9,18.3,0.4,1.3,28.3
52,De'Aaron Fox,27,PG,1663,24.3,6,4.9,1.4,0.4,0.469,0.322,0.829,2.9,19.1,6.2,12.9,5.3,1,3.9,19,1.2,1.3,29.1
53,De'Aaron Fox,27,PG,578,20.9,7.2,4.5,1.6,0.3,0.446,0.274,0.819,2.6,17.4,5.9,11.5,4.5,0.6,4,16.3,-2,0,26
54,Jalen Williams,23,SG,2237,24,5.7,5.9,1.8,0.7,0.484,0.365,0.789,2.4,18.8,5.5,13.3,4.8,0.9,5,20.3,4,3.4,27.5
55,Donovan Mitchell,28,SG,2232,27.4,5.7,5.2,1.5,0.3,0.443,0.368,0.823,2.4,21.3,10.2,11.1,5.8,0.9,4.3,20.9,3.7,3.2,30.9
56,Harrison Barnes,32,PF,2230,16.3,2.2,5,0.6,0.2,0.508,0.433,0.809,0.8,11,5.8,5.2,3.2,1.6,3.4,14.9,0,1.2,15.7
57,Julius Randle,30,PF,2226,20.8,5.2,7.9,0.8,0.3,0.485,0.344,0.806,3.2,15.2,5.1,10.1,5.4,2.3,5.5,17.5,1.3,1.8,25
58,Amen Thompson,22,SF,2225,15.7,4.3,9.1,1.6,1.4,0.557,0.275,0.684,2.2,11.3,1.5,9.8,4,3.1,6,18.7,4.1,3.4,17.5
59,Jaren Jackson Jr.,25,C,2207,26.8,2.4,6.8,1.5,1.8,0.488,0.375,0.781,2.5,19.8,6.3,13.4,6.5,1.5,5.3,19.6,2.3,2.4,28.1
60,Desmond Bane,26,SG,2205,21.7,6,6.8,1.3,0.5,0.484,0.392,0.894,2.8,16.6,6.8,9.8,3.2,1,5.8,17.9,3.2,2.9,23.3
61,Naz Reid,25,C,2200,18.6,3,7.9,0.9,1.2,0.462,0.379,0.776,1.8,15.1,7.6,7.5,2.3,1.5,6.3,15.8,1.6,2,21.5
62,Tyus Jones,28,PG,2174,13.7,7.1,3.2,1.1,0.1,0.448,0.414,0.895,1.5,11.3,6.6,4.7,0.9,0.7,2.6,14.5,0.1,1.1,16.2
63,Myles Turner,28,C,2174,18.5,1.8,7.8,0.9,2.4,0.481,0.396,0.773,2,13.4,6.5,6.9,3.9,1.5,6.3,16.1,0.4,1.3,20.7
64,Evan Mobley,23,PF,2167,21.9,3.8,10.9,1,1.9,0.557,0.37,0.725,2.4,15.1,3.8,11.2,5.1,2.7,8.2,22.3,4.6,3.6,23.2
65,Taurean Prince,30,SF,2166,10.9,2.6,4.8,1.3,0.2,0.457,0.439,0.813,1.4,8.5,5.6,3,0.8,0.6,4.2,9.8,-1.7,0.1,12.5
66,Stephon Castle,20,PG,2162,19.8,5.5,4.9,1.2,0.4,0.428,0.285,0.724,2.9,16.5,5.5,10.9,5.7,1.5,3.5,13.7,-3.2,-0.6,26
67,Deni Avdija,24,SF,2161,20.3,4.7,8.7,1.2,0.6,0.476,0.365,0.78,3.3,14.1,5.7,8.4,6.2,1.8,6.9,17.7,2.1,2.2,23.2
68,Jaylen Brown,28,SF,2158,23.3,4.8,6.1,1.2,0.3,0.463,0.324,0.764,2.7,18.7,6,12.7,5.4,1.4,4.8,17.8,0,1.1,28.9
69,Tim Hardaway Jr.,32,SG,2153,14.1,2.1,3.1,0.6,0.1,0.406,0.368,0.855,0.8,11.4,7.6,3.7,2.4,0.3,2.8,9.8,-2.1,0,15.5
70,Bennedict Mathurin,22,SF,2149,19.4,2.3,6.4,0.8,0.4,0.458,0.34,0.831,2.3,14.3,4.8,9.5,5.6,1.5,5,13.6,-2.9,-0.5,22.8
71,Spencer Dinwiddie,31,PG,2136,14.7,5.9,3.5,1.2,0.3,0.416,0.334,0.802,1.7,11.5,5.5,6,4.1,0.3,3.2,13,-1.6,0.2,17.9
72,Scottie Barnes,23,PF,2134,21.1,6.4,8.5,1.6,1.1,0.446,0.271,0.755,3.1,17.9,4.7,13.2,5.1,1.8,6.6,17.8,2.4,2.3,27
73,Max Christie,21,SG,2127,12.7,2.5,4.4,1.1,0.5,0.427,0.366,0.855,1.5,10,5.3,4.7,2.6,0.6,3.7,10.4,-2.5,-0.3,15.2
74,Max Christie,21,SG,1154,12.2,2.1,3.8,1.1,0.7,0.444,0.368,0.851,1.2,9,5.1,3.9,2.7,0.8,3.1,10.6,-1.8,0,13.9
75,Max Christie,21,SG,973,13.3,3,5,1.1,0.4,0.411,0.364,0.862,1.8,11.2,5.6,5.6,2.4,0.5,4.5,10.2,-3.4,-0.3,16.8
76,Josh Giddey,22,PG,2117,17.4,8.6,9.6,1.4,0.8,0.465,0.378,0.781,3.4,13.6,4.7,8.8,3.8,2.2,7.5,18.1,3,2.7,21.7
77,Fred VanVleet,30,PG,2111,14.4,5.7,3.8,1.6,0.4,0.378,0.345,0.81,1.5,12.9,7.9,5.1,2.3,0.5,3.2,12.8,0.9,1.5,17.7
78,Keyonte George,21,PG,2109,19.2,6.4,4.3,0.8,0.2,0.391,0.343,0.818,3.1,15.7,8.7,7,4.9,0.4,3.9,12.9,-2.7,-0.3,24.3
79,Dennis Schr??der,31,PG,2105,16.8,6.9,3.4,1.1,0.2,0.406,0.342,0.838,2.4,14.1,6.3,7.8,3.7,0.5,2.9,12.7,-2.2,-0.1,21.6
80,Dennis Schr??der,31,PG,772,19.8,7.1,3.2,1.2,0.2,0.452,0.387,0.889,2.8,15.2,7,8.2,3.8,0.2,3,16,0,0.4,23.8
81,Dennis Schr??der,31,SG,628,14.6,6,3.2,1.4,0.2,0.375,0.322,0.744,2.8,14.4,6.6,7.8,2.2,0.6,2.6,8.4,-5.2,-0.5,21.2
82,Dennis Schr??der,31,PG,705,15.4,7.5,3.8,0.8,0.3,0.378,0.302,0.833,1.8,12.8,5.4,7.4,4.9,0.7,3.1,12.9,-2.1,0,19.6
83,Damian Lillard,34,PG,2093,24.9,7.1,4.7,1.2,0.2,0.448,0.376,0.921,2.8,17.1,9,8,6.8,0.5,4.2,21.3,4,3.2,27.8
84,Russell Westbrook,36,PG,2092,17.1,7.9,6.4,1.8,0.6,0.449,0.323,0.661,4.2,14.3,5,9.3,4,1.8,4.6,14.3,-1.1,0.5,23.8
85,Kelly Oubre Jr.,29,SF,2078,15.7,1.9,6.4,1.6,0.5,0.47,0.293,0.751,1.4,12.8,4.2,8.6,3.2,1.7,4.7,13.5,-2.3,-0.1,18.9
86,Nickeil Alexander-Walker,26,SG,2073,13.4,3.9,4.6,0.9,0.6,0.438,0.381,0.78,1.7,10.7,6.4,4.3,2,0.9,3.7,11.6,-0.4,0.8,16
87,Luguentz Dort,25,SF,2073,12.5,2,5.1,1.4,0.7,0.435,0.412,0.717,0.9,10.3,7.2,3.1,0.8,1.5,3.5,11.3,0.2,1.2,13.6
88,Onyeka Okongwu,24,C,2064,17.2,2.9,11.5,1.2,1.2,0.567,0.324,0.759,1.6,11.9,2.6,9.3,3.8,3.8,7.7,19,1.3,1.7,17.3
89,Malik Monk,26,SG,2054,19.6,6.3,4.3,1.1,0.7,0.439,0.325,0.865,2.8,16.5,7.5,9,3.1,0.5,3.8,15,-0.8,0.6,24.6
90,Jaylen Wells,21,SG,2043,14.5,2.4,4.7,0.8,0.1,0.425,0.352,0.822,1.2,11.9,6.9,5,2.4,1.5,3.2,10.5,-2.2,-0.1,15.9
91,Jalen Wilson,24,PF,2031,13.3,2.6,4.8,0.7,0.1,0.397,0.337,0.818,1.4,11,6.4,4.6,2.9,1.3,3.5,9.5,-3.9,-1,16.6
92,Miles Bridges,26,PF,2029,23.1,4.4,8.5,0.8,0.8,0.431,0.313,0.87,2.4,19.3,8,11.3,4.5,1.3,7.3,17.7,1.8,2,28
93,Davion Mitchell,26,PG,2027,10.4,6.4,3,1.3,0.3,0.468,0.398,0.69,2.3,8.5,3.7,4.7,1.5,0.6,2.3,10.2,-2.6,-0.3,13.6
94,Davion Mitchell,26,PG,1080,9.3,6.8,2.8,1,0.3,0.434,0.359,0.676,2.6,8.1,3.9,4.2,1.2,0.5,2.3,7.9,-4.3,-0.6,13.1
95,Davion Mitchell,26,PG,947,11.7,6.1,3.1,1.6,0.3,0.504,0.447,0.702,1.9,8.8,3.6,5.2,1.8,0.7,2.4,12.9,-0.6,0.3,14.2
96,Franz Wagner,23,SF,2023,25.8,5.1,6.1,1.3,0.4,0.463,0.295,0.871,2.5,20.7,6.3,14.4,5.5,1,5.1,20.1,3.1,2.6,31
97,Quentin Grimes,24,SG,2013,19.5,4.1,5.8,1.3,0.4,0.467,0.385,0.757,2.5,14.7,7.5,7.2,3.8,1.1,4.7,15.9,0.4,1.2,22.8
98,Quentin Grimes,24,SG,1070,16.1,3.4,6,1.1,0.3,0.463,0.398,0.765,2.1,12.3,6.8,5.5,2.7,1,5,13.3,-0.3,0.5,18.5
99,Quentin Grimes,24,SG,943,23.4,4.8,5.5,1.6,0.5,0.469,0.373,0.752,3.1,17.5,8.4,9.1,5.1,1.1,4.4,18.8,1.2,0.8,27.5
100,Jordan Poole,25,SG,2001,25,5.5,3.7,1.5,0.5,0.432,0.378,0.883,3.7,19,11.2,7.8,4.9,0.6,3.1,16.6,0.4,1.2,29
101,Draymond Green,34,PF,1983,11.1,7,7.5,1.8,1.3,0.424,0.325,0.687,3.2,9.2,4.5,4.8,2.7,1.3,6.2,12.4,0.5,1.3,15.9
102,Devin Vassell,24,SG,1983,18.9,3.3,4.6,1.5,0.6,0.443,0.368,0.792,1.6,16.1,7.8,8.4,2.2,0.6,4,14.2,-1.1,0.4,22.1
103,Klay Thompson,34,SF,1965,18.4,2.7,4.5,0.9,0.5,0.412,0.391,0.905,1.6,16.1,10.1,5.9,1.4,0.8,3.7,12.9,-1,0.5,21.8
104,Tyrese Maxey,24,PG,1960,25.1,5.8,3.2,1.7,0.4,0.437,0.337,0.879,2.3,20,8.8,11.3,5.3,0.3,2.9,19.5,2,2,29.8
105,Norman Powell,31,SG,1958,24,2.3,3.5,1.3,0.2,0.484,0.418,0.804,2,17.4,7.9,9.5,4.9,0.4,3.1,17.5,1.5,1.8,26.1
106,Yves Missi,20,C,1956,12.2,1.8,11.1,0.7,1.8,0.547,0,0.623,1.5,9.1,0,9,3.8,4.7,6.4,15.4,-3,-0.5,14.3
107,Keon Ellis,25,SG,1948,12.3,2.2,3.9,2.2,1.2,0.489,0.433,0.849,1.3,8.6,5.9,2.6,1.6,1.1,2.8,13.5,1.9,1.9,12.7
108,Bilal Coulibaly,20,SF,1948,13.4,3.7,5.4,1.4,0.8,0.421,0.281,0.746,2.3,11.5,4.1,7.4,3.4,1.7,3.8,10.8,-3.7,-0.8,17.9
109,Kyle Kuzma,29,PF,1936,17.9,2.8,6.9,0.7,0.4,0.436,0.307,0.634,2.7,15.8,5.8,9.9,3.8,1,5.9,10.6,-4.9,-1.4,24
110,Kyle Kuzma,29,PF,887,19.7,3.2,7.5,0.8,0.3,0.42,0.281,0.602,3,18.5,6.5,12,4,1.1,6.4,10.6,-5.2,-0.7,27.1
111,Kyle Kuzma,29,PF,1049,16.4,2.5,6.3,0.5,0.4,0.455,0.333,0.663,2.5,13.5,5.3,8.2,3.6,0.9,5.4,10.5,-4.7,-0.7,21.4
112,Julian Champagnie,23,SF,1932,15.2,2.1,5.9,1.1,0.7,0.415,0.371,0.904,1.4,12.4,8.9,3.4,1.8,1.2,4.7,12.2,-1.3,0.4,17.2
113,Keon Johnson,22,SG,1925,15.7,3.3,5.6,1.5,0.6,0.389,0.314,0.77,2.2,14.6,7.5,7.1,2.6,1.2,4.4,10.4,-3.3,-0.6,21.7
114,Naji Marshall,27,SF,1919,17.1,3.9,6.2,1.3,0.2,0.508,0.275,0.813,2.1,13.4,4.1,9.3,3,1.4,4.7,15.1,-0.8,0.6,20
115,Jrue Holiday,34,PG,1896,13,4.5,5,1.3,0.5,0.443,0.353,0.909,1.5,10.9,5.8,5.1,1.5,1.4,3.6,13.5,0.7,1.3,15.8
116,Guerschon Yabusele,29,C,1895,14.6,2.8,7.5,1.1,0.5,0.501,0.38,0.725,1.7,10.7,5.2,5.5,2.6,2.5,5,14.7,-1,0.5,16.3
117,Gary Trent Jr.,26,SG,1893,15.7,1.7,3.2,1.4,0.1,0.431,0.416,0.848,0.8,12.5,8.2,4.3,1.7,0.4,2.8,11.7,-1.6,0.2,17.1
118,Anthony Black,21,PG,1887,14,4.6,4.4,1.6,0.9,0.423,0.318,0.761,2.7,11.8,3.7,8.1,3.8,1,3.4,11.6,-1.9,0,19.6
119,Josh Green,24,SG,1887,9.7,2.1,3.3,1.4,0.3,0.428,0.391,0.681,1.3,8,4.7,3.3,1.4,1.1,2.2,7.8,-4.3,-1.1,11.8
120,Nic Claxton,25,C,1882,13.8,3,9.9,1.2,1.9,0.563,0.238,0.513,1.7,10.9,0.4,10.5,2.9,3,6.8,16.5,0.4,1.1,16.8
121,Andrew Nembhard,25,SG,1881,12.5,6.2,4.1,1.5,0.2,0.458,0.291,0.794,2.1,10.3,3.3,7,2.6,0.7,3.5,11.7,-2.3,-0.1,16.3
122,Cason Wallace,21,SG,1876,10.9,3.3,4.4,2.3,0.7,0.474,0.356,0.811,1.1,9.4,4,5.4,0.7,1.4,3,12.3,1,1.5,12.8
123,Derrick Jones Jr.,27,SF,1873,15,1.2,5.1,1.5,0.6,0.526,0.356,0.703,1.3,11.3,4.2,7.1,2.3,1.8,3.3,13.5,-0.3,0.8,16.5
124,Rui Hachimura,26,PF,1869,14.9,1.6,5.7,0.9,0.5,0.509,0.413,0.77,0.9,11.1,4.8,6.3,2.2,1.5,4.2,13.6,-0.7,0.6,15.8
125,RJ Barrett,24,SF,1869,23.6,6,7,0.9,0.3,0.468,0.35,0.63,3.2,18.9,5.9,13,6,1.2,5.9,16.5,0.6,1.2,28.7
126,Buddy Hield,32,SG,1863,17.6,2.6,5.1,1.3,0.4,0.417,0.37,0.828,1.8,15.2,10.6,4.6,1.2,1,4.1,12.3,-1,0.5,20.5
127,Trey Murphy III,24,SF,1854,21.8,3.7,5.2,1.1,0.8,0.454,0.361,0.887,2,16.3,8.5,7.8,4.5,0.9,4.3,17.3,0.8,1.3,23.7
128,Zaccharie Risacher,19,SF,1843,18.4,1.8,5.2,1,0.7,0.458,0.355,0.711,1.8,15.2,6.7,8.5,2.9,1.7,3.6,12.2,-3.5,-0.7,20.9
129,Andrew Wiggins,29,SF,1842,21.1,3.1,5.3,1.2,1,0.448,0.374,0.763,1.9,16.4,6.8,9.6,5,1.7,3.5,16.4,0.9,1.4,24.5
130,Andrew Wiggins,29,SF,1296,21,2.8,5.5,1.1,0.9,0.444,0.379,0.777,1.6,16.3,6.9,9.4,5,1.8,3.6,16.4,1,1,23.5
131,Andrew Wiggins,29,SF,546,21.3,3.7,4.7,1.3,1.1,0.458,0.36,0.731,2.8,16.5,6.6,10,5.1,1.5,3.2,16.4,0.7,0.4,26.7
132,Isaiah Collier,20,PG,1839,12,8.7,4.6,1.3,0.3,0.422,0.249,0.682,4.1,10.9,3.3,7.6,3,0.6,4,9.7,-5.3,-1.6,18.9
133,Keldon Johnson,25,SF,1838,19.2,2.4,7.3,1,0.4,0.482,0.318,0.773,1.5,15.1,5.4,9.7,3.8,2.2,5.1,15.6,-1.6,0.2,21.6
134,Royce O'Neale,31,SF,1837,13.3,3.2,6.8,1.3,0.7,0.423,0.406,0.731,1.3,11.2,8.6,2.5,0.5,1,5.8,12.6,0.1,1,15.5
135,P.J. Washington,26,PF,1835,16.4,2.6,8.7,1.2,1.2,0.453,0.381,0.722,2.3,13,4.7,8.4,3.9,1.6,7.1,14,-0.9,0.5,20.4
136,CJ McCollum,33,PG,1832,23.2,4.5,4.2,0.9,0.5,0.444,0.373,0.717,2.1,19.7,9,10.6,3.4,0.8,3.3,15.8,-1.4,0.3,27.2
137,Haywood Highsmith,28,SF,1818,9.5,2.2,5,1.3,0.7,0.458,0.382,0.721,1.1,7.7,4.6,3.1,0.9,1.4,3.6,9.9,-1.9,0.1,11.3
138,Dorian Finney-Smith,31,PF,1818,10.9,1.8,4.9,1.1,0.5,0.448,0.411,0.667,1.1,8.6,6.2,2.4,0.9,1.6,3.3,10.1,-1,0.5,12.3
139,Dorian Finney-Smith,31,PF,579,12.9,1.9,5.7,1.1,0.7,0.459,0.435,0.625,1.1,9.9,6.7,3.2,1.5,1.9,3.7,12.2,0,0.3,14.2
140,Dorian Finney-Smith,31,PF,1239,9.9,1.7,4.5,1.2,0.3,0.442,0.398,0.714,1.1,8,6,2,0.6,1.4,3.1,9.2,-1.5,0.2,11.5
141,Alex Sarr,19,C,1814,17.2,3.2,8.6,0.9,2,0.394,0.308,0.679,2.3,16.4,6.8,9.7,3.3,2.5,6.2,12.9,-3.3,-0.6,23.5
142,Kyrie Irving,32,SG,1804,24.6,4.6,4.8,1.3,0.5,0.473,0.401,0.916,2.2,18.9,7.2,11.7,4.3,1.2,3.6,19.9,3.4,2.5,27.4
143,Kyshawn George,21,SG,1802,11.8,3.4,5.7,1.4,1,0.372,0.322,0.753,1.9,10.9,7.1,3.8,1.9,1,4.7,8.8,-4.1,-0.9,15.9
144,Cameron Johnson,28,PF,1800,21.4,3.9,4.9,1.1,0.5,0.475,0.39,0.893,2,14.9,8.2,6.8,4.5,1.1,3.9,18.2,3.1,2.3,22.9
145,Duncan Robinson,30,SF,1785,16.5,3.5,3.4,0.8,0.1,0.437,0.393,0.887,1.7,13.4,9.7,3.6,1.1,0.4,3,11.8,-1.7,0.1,19.2
146,Kris Dunn,30,PG,1783,9.6,4.2,5.1,2.6,0.5,0.439,0.335,0.682,1.5,8.8,4.5,4.3,0.4,1.1,4,11.3,0.6,1.2,12.7
147,Luka Donéçié?,25,PG,1769,28.7,7.8,8.3,1.8,0.4,0.45,0.368,0.782,3.6,20.9,9.8,11.1,8,0.8,7.5,24.1,6.7,3.9,33.9
148,Luka Donéçié?,25,PG,785,28.4,7.9,8.4,2,0.4,0.464,0.354,0.767,3.4,21.4,9.7,11.6,6.7,0.7,7.7,24.2,6.9,1.8,33.1
149,Luka Donéçié?,25,PG,984,28.9,7.7,8.3,1.6,0.4,0.438,0.379,0.791,3.8,20.5,9.8,10.6,9.1,0.9,7.4,23.9,6.5,2.1,34.5
150,Scoot Henderson,20,PG,1759,17.1,6.9,4.1,1.4,0.3,0.419,0.354,0.767,3.6,14,6.1,7.9,4.2,1.1,3,12.5,-2.2,-0.1,22.5
151,Wendell Carter Jr.,25,C,1758,12.7,2.7,10.1,1.1,0.8,0.46,0.234,0.737,1.6,10.1,3.2,6.8,3.6,3.1,7,13.7,-1.2,0.3,16
152,Collin Sexton,26,SG,1758,23.7,5.4,3.5,1,0.1,0.48,0.406,0.865,3.3,17.8,5.5,12.2,5.1,1.2,2.3,16.6,-0.6,0.6,27
153,Mike Conley,37,PG,1756,11.9,6.5,3.7,1.6,0.3,0.4,0.41,0.9,1.5,9.6,6.4,3.2,1.8,0.7,3.1,13.3,1.2,1.4,14.4
154,Amir Coffey,27,SG,1748,14.3,1.6,3.3,0.8,0.1,0.471,0.409,0.891,0.9,10.5,5.1,5.4,2.7,0.7,2.7,11.2,-1.7,0.1,15.3
155,Jimmy Butler,35,SF,1746,19.9,6.1,6.1,1.6,0.4,0.504,0.308,0.842,1.5,12.3,2.1,10.2,8.1,2.6,3.5,22.4,4.9,3,20.8
156,Jimmy Butler,35,PF,766,20,5.6,6.2,1.3,0.5,0.54,0.361,0.801,1.4,12.4,1.7,10.7,7.6,2.6,3.6,22.8,4.8,1.3,21.1
157,Jimmy Butler,35,SF,980,19.8,6.5,6.1,1.8,0.3,0.476,0.279,0.87,1.6,12.3,2.5,9.8,8.5,2.6,3.5,22.2,5,1.7,20.6
158,Aaron Wiggins,26,SG,1744,18.9,2.8,6.1,1.2,0.4,0.488,0.383,0.831,1.4,15,7,8,1.8,1.7,4.4,16.1,1.1,1.4,20.3
159,Walker Kessler,23,C,1740,13.3,2,14.6,0.7,2.9,0.663,0.176,0.52,1.8,8.7,0.7,8,3.1,5.5,9.1,20,1.8,1.7,13.7
160,De'Andre Hunter,27,SF,1740,22.5,1.9,5.3,1,0.3,0.47,0.405,0.846,1.7,15.8,8,7.7,5.3,0.9,4.4,15.9,0.4,1,22.8
161,De'Andre Hunter,27,SF,1064,23.8,1.9,4.9,1,0.2,0.461,0.393,0.858,2,16.6,8.4,8.3,6,0.9,4,15.8,-0.4,0.4,24.2
162,De'Andre Hunter,27,SF,676,20.6,1.9,6,1,0.4,0.485,0.426,0.821,1.2,14.4,7.5,6.9,4.2,0.9,5.1,16.2,1.6,0.6,20.5
163,Ochai Agbaji,24,SG,1739,13.8,2,5,1.2,0.6,0.498,0.399,0.708,1.1,11.1,5.2,5.8,1,1.3,3.7,12,-0.7,0.5,14.6
164,Brandin Podziemski,21,SG,1716,15.7,4.6,6.8,1.4,0.3,0.445,0.372,0.758,1.6,13.2,6.5,6.7,2,1.4,5.5,14.4,0.7,1.2,18.3
165,Jabari Smith Jr.,21,PF,1716,14.6,1.3,8.4,0.5,0.9,0.438,0.354,0.825,1.3,11.9,5.8,6.1,2.6,2.2,6.2,12.6,-0.7,0.6,16.4
166,Anthony Davis,31,PF,1706,26.6,3.8,12.5,1.2,2.3,0.516,0.282,0.775,2.4,19.2,2.6,16.6,7.8,2.8,9.6,26.3,5.4,3.2,30.4
167,Anthony Davis,31,C,1440,27,3.5,12.5,1.4,2.3,0.528,0.298,0.788,2.3,18.9,2.3,16.6,8,3,9.5,27.1,6,2.9,30.2
168,Bradley Beal,31,SG,1702,19.1,4.1,3.7,1.2,0.6,0.497,0.386,0.803,2.1,14.7,5.6,9.1,2.9,0.7,3,15.2,-1.1,0.4,22.1
169,Georges Niang,31,PF,1697,16.6,2.4,5.8,0.6,0.3,0.461,0.406,0.793,1.7,13.2,8.7,4.5,1.2,1,4.8,11.2,-2.3,-0.1,17.9
170,Georges Niang,31,PF,1053,15.2,2.3,6.5,0.6,0.2,0.477,0.4,0.793,1.6,11.9,7.7,4.2,1,1.2,5.3,11.1,-1.8,0.1,16.5
171,Georges Niang,31,PF,644,19,2.5,4.6,0.6,0.4,0.441,0.413,0.793,1.9,15.2,10.3,4.9,1.6,0.7,3.9,11.4,-3.1,-0.2,20.3
172,Jakob Poeltl,29,C,1686,17.6,3.4,11.7,1.4,1.5,0.627,0.333,0.674,2.4,12.4,0.1,12.3,3.1,4,7.6,20,2,1.7,18.7
173,Scotty Pippen Jr.,24,PG,1683,16.7,7.4,5.5,2.2,0.6,0.48,0.397,0.713,3,12.7,4.7,8,3.7,1.4,4.1,15.8,1.9,1.7,19.3
174,Kevin Huerter,26,SG,1679,14.6,3.3,4.4,1.4,0.5,0.425,0.338,0.714,1.4,13,8.4,4.6,1.1,0.6,3.8,11.3,-2,0,17.5
175,Kevin Huerter,26,SG,899,13.5,3,4.8,1.4,0.6,0.413,0.302,0.714,1.5,12.4,8.2,4.2,1.1,0.8,4,10.6,-2.3,-0.1,17.2
176,Kevin Huerter,26,SG,780,15.8,3.8,3.9,1.4,0.3,0.439,0.376,0.714,1.4,13.6,8.6,5,1,0.5,3.4,12,-1.5,0.1,17.8
177,Santi Aldama,24,PF,1660,17.6,4.1,9,1.1,0.6,0.483,0.368,0.691,1.5,14.1,7.1,7,2,2,7,16.8,3.2,2.2,18.5
178,A.J. Green,25,SG,1659,11.7,2.3,3.8,0.8,0.2,0.429,0.427,0.815,0.9,9.2,7.9,1.3,0.6,0.4,3.4,9.2,-2.2,-0.1,12.6
179,Al Horford,38,C,1659,11.7,2.8,8,0.8,1.1,0.423,0.363,0.895,1,10,6.8,3.2,0.8,1.7,6.3,12.9,1.2,1.3,13.8
180,Terry Rozier,30,PG,1658,14.7,3.6,5.2,0.8,0.3,0.391,0.295,0.852,1.7,13.8,6.7,7.1,2.3,1,4.2,10.5,-3.7,-0.7,20.4
181,Peyton Watson,22,SF,1656,12,2,5.1,1,2,0.477,0.353,0.693,1.2,9.3,3,6.3,3,1,4,11.4,-1.8,0.1,13.9
182,Moses Moody,22,SG,1649,15.8,2.1,4.1,1.3,0.7,0.433,0.374,0.797,1.2,12.4,7.4,5,2.9,1.1,3,12.4,-0.9,0.5,17.4
183,Tristan Da Silva,23,SF,1629,11.8,2.5,5.4,0.7,0.4,0.412,0.335,0.873,1.2,10.7,5.3,5.4,1.4,1.6,3.8,9.9,-2.6,-0.3,15.2
184,Donte DiVincenzo,28,SG,1606,16.2,5,5.1,1.6,0.4,0.422,0.397,0.778,2.2,13.3,9.8,3.5,1.4,0.7,4.4,14.1,1.9,1.6,19.4
185,Isaiah Joe,25,SG,1604,17,2.7,4.4,1.1,0.2,0.44,0.412,0.821,0.9,13.2,10.5,2.7,1.3,0.9,3.5,14,1.3,1.4,17.2
186,Corey Kispert,25,SF,1602,15.8,2.3,4.1,0.6,0.3,0.451,0.364,0.852,1.4,12.7,7.4,5.3,2,0.8,3.3,11,-3.7,-0.7,17.5
187,Caris LeVert,30,SG,1596,17.5,4.8,4.6,1.3,0.7,0.467,0.373,0.71,1.7,13.5,6.4,7.1,3.5,0.9,3.7,15.2,0.9,1.2,19.4
188,Caris LeVert,30,SF,904,15.5,5.6,4.3,1.3,0.8,0.453,0.405,0.699,2,11.9,5.9,6,3.3,0.9,3.4,14.4,1.2,0.7,18.1
189,Caris LeVert,30,SG,692,20.2,3.9,5,1.2,0.7,0.482,0.338,0.722,1.3,15.7,7.1,8.6,3.7,1,4,16.2,0.4,0.4,21.2
190,Miles McBride,24,PG,1593,13.8,4.2,3.6,1.5,0.4,0.406,0.369,0.813,0.9,12.4,7.1,5.3,1.4,1.1,2.6,12.6,0,0.8,16.8
191,Isaiah Hartenstein,26,C,1590,14.4,5,13.8,1.1,1.4,0.581,0,0.675,2.2,10.9,0.4,10.4,2.6,3.7,10.1,18.9,3.2,2.1,16.7
192,Gradey Dick,21,SG,1587,17.6,2.2,4.4,1.1,0.2,0.41,0.35,0.858,1.9,14.7,7.4,7.3,3.5,1,3.4,10.9,-3.2,-0.5,21
193,Paolo Banchero,22,PF,1582,27.1,5,7.9,0.8,0.6,0.452,0.32,0.727,3.1,20.7,6.2,14.5,8.8,1.2,6.7,20,3.5,2.2,33.6
194,Patrick Williams,23,PF,1576,12.9,2.8,5.4,1.1,0.7,0.397,0.353,0.723,2,11.8,6.2,5.6,1.9,1,4.4,9,-3.7,-0.7,16.9
195,Obi Toppin,26,PF,1545,19.4,3,7.4,1.1,0.7,0.529,0.365,0.781,1.6,14,7,6.9,2.7,1.3,6.1,17.4,1.7,1.4,20.1
196,Grayson Allen,29,SG,1544,15.9,3.2,4.5,1.3,0.4,0.448,0.426,0.816,1.7,11.4,8.2,3.2,2.7,0.8,3.7,13.7,-0.3,0.7,17.6
197,Sam Hauser,27,PF,1541,14.1,1.5,5.2,1,0.3,0.451,0.416,1,0.5,11.1,9.3,1.8,0.3,1,4.2,12.8,0.8,1.1,14.3
198,Ziaire Williams,23,SF,1541,14.8,2,6.7,1.4,0.7,0.412,0.341,0.821,1.6,12.1,7.1,5.1,2.9,1.4,5.3,11.9,-2.3,-0.1,18.2
199,Gabe Vincent,28,PG,1527,10.8,2.3,2.2,1.2,0.3,0.4,0.353,0.714,1,9.9,7.3,2.6,0.5,0.5,1.7,7.4,-4,-0.8,13.5
200,Victor Wembanyama,21,C,1527,26.3,4,11.9,1.2,4.1,0.476,0.352,0.836,3.5,20.2,9.5,10.7,4.5,1.9,10,24.2,6.5,3.3,30.4
201,Jerami Grant,30,PF,1524,16,2.4,3.9,1,1.1,0.373,0.365,0.849,1.5,13.6,7,6.6,3.9,0.6,3.2,10.9,-1.6,0.1,19.4
202,Jonas ValanéçièÆnas,32,C,1524,19.9,3.9,14.8,0.9,1.1,0.55,0.216,0.879,2.8,14.8,0.9,13.9,3.9,4.5,10.3,20.8,0.6,1,22.8
203,Jonas ValanéçièÆnas,32,C,983,20.7,4,14.8,0.8,1,0.547,0.259,0.896,3.2,15.5,1,14.5,3.9,4.4,10.4,20.6,0.4,0.6,23.8
204,Jonas ValanéçièÆnas,32,C,541,18.6,3.7,14.8,1,1.2,0.556,0.1,0.847,2.1,13.6,0.7,13,3.9,4.7,10.2,21.1,1.1,0.4,20.9
205,Kyle Filipowski,21,C,1522,16.3,3.3,10.4,1.1,0.5,0.502,0.35,0.65,2.4,12.3,5.2,7,3.4,2.6,7.8,14.9,-1,0.4,18.7
206,Ja Morant,25,PG,1519,27.5,8.6,4.9,1.4,0.3,0.454,0.309,0.824,4.4,21.1,6.8,14.3,7.6,0.8,4.1,19.3,2.4,1.7,32.2
207,Matas Buzelis,20,SF,1511,16.4,1.9,6.6,0.7,1.8,0.454,0.361,0.815,1.8,13.2,6.3,6.9,2.6,1.3,5.3,12.5,-2.5,-0.2,18.7
208,LaMelo Ball,23,PG,1505,28.3,8.3,5.5,1.3,0.3,0.405,0.339,0.843,4,24,12.6,11.4,5.5,1.1,4.4,19.1,3.2,2,35.9
209,Dalton Knecht,23,SF,1494,17,1.6,5.2,0.6,0.2,0.461,0.376,0.762,0.9,13.4,8.2,5.2,2,0.9,4.3,12.7,-1.8,0.1,18.5
210,Kevin Porter Jr.,24,SG,1482,18.7,6.2,6.8,2,0.3,0.449,0.311,0.769,3.3,15.8,4.3,11.5,4.1,1,5.7,15.4,-0.6,0.5,25.4
211,Kevin Porter Jr.,24,SG,884,17.1,5.9,6.5,1.8,0.4,0.423,0.245,0.645,3.4,16.6,4.3,12.3,3.1,1.2,5.3,12.1,-2.5,-0.1,25.9
212,Kevin Porter Jr.,24,SG,598,21.2,6.7,7.1,2.3,0.1,0.494,0.408,0.871,3.1,14.7,4.3,10.5,5.6,0.8,6.3,20.2,2.1,0.6,24.8
213,D'Angelo Russell,28,PG,1480,17.8,7.2,3.9,1.4,0.6,0.39,0.314,0.834,2.6,15.5,8.8,6.8,3.5,0.5,3.5,14,-0.4,0.6,24
214,D'Angelo Russell,28,PG,763,16.9,6.4,3.8,1.1,0.2,0.415,0.333,0.849,2.4,14.7,7.9,6.7,2.5,0.4,3.4,13,-1.7,0.1,22.1
215,D'Angelo Russell,28,PG,717,18.7,8.1,4.1,1.7,1,0.367,0.297,0.826,2.9,16.4,9.6,6.8,4.6,0.6,3.5,15.1,1,0.5,25.9
216,Lauri Markkanen,27,PF,1476,21.8,1.7,6.8,0.8,0.4,0.423,0.346,0.876,1.6,17.1,9.7,7.3,4.5,1.8,5,15.6,-0.3,0.7,24
217,Luke Kennard,28,SG,1472,14.1,5.3,4.5,1.2,0.1,0.478,0.433,0.895,1.8,10.5,6.4,4.2,1.4,0.9,3.6,13.6,1.1,1.2,14.5
218,Jamal Shead,22,PG,1467,13.1,7.8,2.8,1.4,0.2,0.405,0.323,0.768,2.9,12.4,5.5,6.9,1.7,0.7,2.1,9.9,-4.1,-0.8,18.6
219,Aaron Gordon,29,PF,1447,18.6,4.1,6.1,0.6,0.3,0.531,0.436,0.81,1.8,12.4,4.3,8.1,4.5,2,4.2,17,1.2,1.2,19
220,Isaiah Stewart,23,C,1434,10.9,3.1,10,0.7,2.5,0.559,0.321,0.759,1.7,7.9,1.3,6.6,2.2,3.3,6.8,14.6,0.6,0.9,12.4
221,Brice Sensabaugh,21,SF,1432,19.4,2.8,5.3,1.2,0.2,0.459,0.422,0.89,2.7,15.1,9.4,5.7,1.8,1.1,4.2,13.4,-1.2,0.3,21.5
222,Goga Bitadze,25,C,1430,12.6,3.4,11.7,1.2,2.5,0.611,0.107,0.639,1.8,8.5,0.7,7.8,3.3,4.2,7.5,19.2,2.5,1.6,14.3
223,Kel'el Ware,20,C,1422,15.1,1.5,12,1,1.8,0.554,0.315,0.687,1.4,11.7,2.8,8.9,1.7,2.9,9,17.4,-0.1,0.7,17.2
224,Tari Eason,23,PF,1420,17.4,2.1,9.2,2.5,1.3,0.487,0.342,0.76,1.6,14.2,4.7,9.5,2.6,3.2,5.9,18.5,3.6,2,19.4
225,Zach Edey,22,C,1416,15.5,1.7,13.9,0.9,2.2,0.58,0.346,0.709,2.2,11,1.3,9.7,3.2,5.9,8,18.2,-0.1,0.7,16.4
226,T.J. McConnell,32,PG,1415,18.3,8.9,4.9,2.1,0.5,0.519,0.306,0.74,2.8,15.9,1.2,14.6,2,1.1,3.8,18.4,1.2,1.2,23.4
227,Terance Mann,28,SG,1414,13.2,3.1,5.1,1.2,0.4,0.496,0.368,0.691,1.2,10.5,4.1,6.4,1.7,1.7,3.3,12,-1.3,0.2,14.7
228,Terance Mann,28,SG,732,11,2.9,5.3,1.4,0.5,0.446,0.347,0.719,1.2,9.6,3.7,5.9,1.6,1.6,3.7,10.5,-1.3,0.1,14
229,Terance Mann,28,SG,682,15.5,3.3,4.9,1,0.2,0.541,0.386,0.667,1.2,11.5,4.6,6.9,1.9,1.9,3,13.7,-1.3,0.1,15.4
230,Ryan Dunn,22,SF,1410,13,1.5,6.8,1.1,1,0.43,0.311,0.487,1,12.2,6.7,5.4,1,2.3,4.5,10.7,-4.1,-0.7,16.7
231,Sam Merrill,28,SG,1401,13.1,2.8,4,1.4,0.4,0.406,0.372,0.966,0.9,10.9,9.5,1.4,0.7,1,3.1,11.1,0.3,0.8,14.3
232,Ayo Dosunmu,25,SG,1394,14.6,5.4,4.2,1.1,0.5,0.492,0.328,0.785,1.8,11.6,4.9,6.7,2,0.7,3.5,12.8,-1.6,0.1,16.6
233,Ty Jerome,27,SG,1392,22.7,6.1,4.5,2,0.1,0.516,0.439,0.872,2.4,16,6.5,9.4,3.8,1.3,3.2,21,4.3,2.2,23.6
234,Julian Strawther,22,SG,1384,15.3,2.2,3.7,1,0.4,0.432,0.349,0.822,1.5,12.6,7,5.6,2.3,0.4,3.3,9.5,-4.5,-0.9,17.8
235,Nick Smith Jr.,20,SG,1369,15.5,3.8,3.4,0.4,0.2,0.391,0.34,0.935,2.2,14.9,8,6.9,1.2,0.3,3,8.3,-5.7,-1.3,20.8
236,Jaime Jaquez Jr.,23,SF,1368,15,4.4,7.6,1.6,0.4,0.461,0.311,0.754,2.6,12.2,3.1,9,3.7,2.2,5.4,14.3,-0.9,0.4,20.2
237,Nicolas Batum,36,PF,1367,8.2,2.2,5.7,1.4,0.9,0.437,0.433,0.81,0.9,6.3,5.3,0.9,0.6,1.2,4.5,10.3,0.8,1,9
238,Jose Alvarado,26,PG,1366,15.3,6.8,3.6,2,0.4,0.392,0.359,0.811,2.3,13.7,8.1,5.6,2,0.7,2.9,13.4,-1.4,0.2,19.8
239,Jeremy Sochan,21,PF,1364,16.3,3.4,9.3,1.2,0.7,0.535,0.308,0.696,2.2,12.4,2.4,10,3.3,3.4,5.9,15.9,-1.2,0.3,19
240,Luke Kornet,29,C,1361,11.7,3.1,10.3,1,1.9,0.668,0,0.691,0.8,7.4,0.1,7.3,2.6,5,5.2,19.6,3.3,1.8,11.4
241,Trey Lyles,29,PF,1349,12,2.2,8.4,1.1,0.6,0.42,0.34,0.7,1,10,6.4,3.6,2.1,2.1,6.3,12.3,-0.7,0.4,14.3
242,Jake LaRavia,23,PF,1349,12.2,4.2,6.9,1.7,0.6,0.475,0.423,0.678,2.3,9,3.8,5.2,3.1,2.4,4.5,12.6,0.2,0.8,14.4
243,Jake LaRavia,23,PF,982,12.6,4.9,7.5,1.6,0.7,0.49,0.444,0.698,2.5,8.8,3.3,5.5,3.5,2.5,5.1,13.5,1.3,0.8,14.5
244,Bogdan Bogdanovié?,32,SG,1348,15.6,3.9,4.2,1.1,0.3,0.427,0.363,0.879,2,13.1,7.7,5.4,1.8,0.6,3.6,11.1,-2,0,18.7
245,Bogdan Bogdanovié?,32,SG,598,14.4,2.9,4,1.2,0.4,0.371,0.301,0.882,2.2,13.5,8.8,4.7,2,0.7,3.3,7.6,-4.7,-0.4,18.9
246,Bogdan Bogdanovié?,32,SG,750,16.5,4.7,4.5,1,0.2,0.474,0.427,0.875,1.8,12.9,6.9,6,1.5,0.6,3.9,14,0.2,0.4,18.6
247,Justin Champagnie,23,SF,1340,14.6,1.6,9.4,1.7,1,0.511,0.383,0.685,1.5,11,5.2,5.9,2,3,6.4,15.7,-0.5,0.5,15.6
248,Paul George,34,PF,1334,17.9,4.8,5.9,2,0.5,0.43,0.358,0.814,2.9,15.4,7.2,8.1,2.6,0.6,5.3,14.5,-0.4,0.5,23.5
249,Ausar Thompson,22,SF,1328,16.1,3.6,8.2,2.7,1.1,0.535,0.224,0.641,2.2,12.5,1.3,11.1,3.8,3,5.2,17.2,1.7,1.2,19.1
250,Donovan Clingan,20,C,1324,11.9,2.1,14.3,0.9,3,0.539,0.286,0.596,2,9.1,1.3,7.7,2.8,5.9,8.4,17.4,-0.3,0.6,14.2
251,Jordan Hawkins,22,SG,1321,16.5,1.8,4.3,0.8,0.6,0.372,0.331,0.816,1.6,15.2,9,6.1,2.7,0.7,3.6,9.6,-5.4,-1.2,21
252,Tyrese Martin,25,SG,1315,14.3,3.3,6,0.9,0.2,0.406,0.351,0.793,2,12.7,7.7,5,1.6,1.6,4.4,10.9,-2.6,-0.2,18.8
253,Mason Plumlee,34,C,1300,9.2,3.7,12.6,0.9,1.3,0.619,0,0.648,1.6,5.6,0.1,5.5,3.5,3.2,9.4,14.8,-0.6,0.5,10.8
254,Jonathan Mogbo,23,PF,1286,10.9,4.1,8.7,1.5,1,0.438,0.243,0.732,2,10,2,8,2.3,3.1,5.7,11.9,-1.9,0,15
255,Jalen Johnson,23,SF,1284,19.1,5.1,10.1,1.6,1,0.5,0.312,0.746,3,15.2,4,11.2,3.5,1.7,8.3,17.3,1.8,1.2,22.5
256,Max Strus,28,SF,1273,13.3,4.5,6.1,0.7,0.3,0.442,0.386,0.824,1.5,10.5,8.3,2.3,1,1.5,4.6,12.6,1.3,1.1,14.7
257,Johnny Juzang,23,SG,1270,16.2,1.9,5.2,1.1,0.2,0.429,0.376,0.849,1,13.5,8.9,4.6,1.5,1.2,4,11.8,-2.3,-0.1,17.6
258,Ron Holland,19,SF,1266,14.8,2.3,6.2,1.4,0.5,0.474,0.238,0.754,2,11.8,4.3,7.5,3.5,1.1,5.1,11.1,-3,-0.3,18.1
259,Javonte Green,31,SG,1258,9.9,1.6,6.2,1.9,0.9,0.429,0.326,0.724,0.9,8.2,4,4.2,2.2,1.7,4.6,10.7,-2.3,-0.1,11.8
260,Javonte Green,31,SG,1092,9.5,1.5,5.9,1.8,1,0.446,0.352,0.758,0.9,7.4,3.6,3.8,2.2,1.6,4.3,10.8,-2.2,0,10.9
261,Nick Richards,27,C,1256,15.2,1.4,13.4,0.4,1.6,0.591,0,0.744,2.3,9.9,0.1,9.9,4.6,4.2,9.1,16.6,-3.3,-0.4,17.3
262,Nick Richards,27,C,816,15.1,0.9,13.6,0.3,1.3,0.605,0,0.822,2.1,10.3,0,10.2,3.2,4.3,9.3,16.3,-3.9,-0.4,17
263,Dean Wade,28,PF,1252,9.2,2.2,7.2,1.2,0.6,0.413,0.36,0.533,0.6,7.8,6.4,1.4,0.9,1.5,5.7,10.1,0.3,0.7,10.4
264,Ricky Council IV,23,SF,1250,15.3,2.8,6.2,0.9,0.4,0.382,0.258,0.804,1.5,13.3,6.1,7.2,4.4,1.5,4.7,11.6,-4.3,-0.7,20.3
265,Tidjane Sala?¨n,19,PF,1244,10.2,2.1,8.1,0.8,0.4,0.33,0.283,0.713,1.7,10,5.9,4.1,2.7,2,6.1,7.7,-5.2,-1,15.2
266,Bobby Portis,29,PF,1244,19.7,3,11.9,1,0.8,0.466,0.365,0.836,1.6,17.2,5.2,12.1,2.1,2.6,9.3,17.7,0.2,0.7,24.1
267,Moussa Diabat??,23,C,1241,11.7,1.6,12.7,1.3,1.2,0.596,0,0.595,1.8,8.1,0.2,7.9,3.4,5.4,7.3,16.5,-1.9,0,13.4
268,Jeremiah Robinson-Earl,24,PF,1239,12.1,2.6,9.2,1.1,0.2,0.455,0.341,0.836,1.5,10.1,4.8,5.3,1.6,3.2,6,12.9,-2.5,-0.2,14.4
269,Simone Fontecchio,29,SF,1237,13,1.9,6.3,0.9,0.3,0.402,0.335,0.833,1.6,10.9,6.6,4.2,2.4,1.5,4.7,9.7,-2.9,-0.3,15.8
270,Cole Anthony,24,PG,1234,18.4,5.6,6,1.3,0.9,0.424,0.353,0.823,3,15.8,6.4,9.5,3.3,1.3,4.6,14.2,0.1,0.7,24.6
271,Ben Sheppard,23,SG,1228,9.7,2.5,5.2,1.1,0.4,0.418,0.342,0.889,0.6,8.4,5.8,2.6,0.8,1.3,3.9,9.2,-2,0,11.3
272,John Collins,27,PF,1220,22.4,2.4,9.6,1.2,1.2,0.527,0.399,0.848,3,15.7,4.4,11.3,4.8,2.6,7,19,1,0.9,24.2
273,Caleb Martin,29,SF,1218,10.5,2.8,5.2,1.4,0.7,0.424,0.359,0.622,1.7,9,3,5.9,2.9,1.6,3.7,9.6,-3.2,-0.4,14.4
274,Caleb Martin,29,SF,943,10.7,2.6,5.2,1.3,0.8,0.435,0.379,0.622,1.6,8.9,3.3,5.5,2.8,1.6,3.6,10.1,-2.5,-0.1,14.2
275,Kristaps Porziè?éúis,29,C,1210,24.3,2.6,8.4,0.9,1.9,0.483,0.412,0.809,1.6,17.1,7.4,9.6,5.9,2,6.4,22.3,4.7,2.1,25.9
276,Brandon Clarke,28,PF,1207,15.9,2,9.7,1.6,1.1,0.621,0.059,0.701,1.2,11.3,0.5,10.8,2.6,3.8,5.9,17.6,0.8,0.9,15.3
277,Deandre Ayton,26,C,1206,17.2,1.9,12.1,0.9,1.2,0.566,0.188,0.667,2.1,14,1,13,1.8,3.7,8.4,17.7,-0.7,0.4,19.4
278,Jarace Walker,21,PF,1187,14,3.3,6.9,1.6,0.8,0.472,0.405,0.667,2.4,10.9,5.6,5.3,2.1,0.8,6.2,11.9,-0.9,0.3,17.1
279,Kawhi Leonard,33,SF,1180,24.3,3.5,6.7,1.8,0.5,0.498,0.411,0.81,2.2,19,5.8,13.2,3.7,1.1,5.6,20.5,3.1,1.5,27.7
280,Clint Capela,30,C,1176,14.9,1.9,14.4,1,1.6,0.559,0,0.536,1.4,11.9,0,11.9,3,5.3,9,17.7,-1,0.3,16.7
281,Cody Martin,29,SF,1173,11,3.2,6.9,1.7,1,0.418,0.285,0.705,1.6,10,4.6,5.3,1.9,1.6,5.2,11.3,-1.7,0.1,14.7
282,Cody Martin,29,SF,967,11.4,3.3,6.6,1.6,1,0.433,0.323,0.694,1.6,10,4.6,5.4,1.8,1.5,5.1,11.7,-1.2,0.2,14.6
283,Mark Williams,23,C,1171,20.6,3.4,13.7,1,1.7,0.604,0,0.804,2.2,13.7,0.1,13.6,5,4.1,9.7,23.9,3.5,1.6,21.4
284,Precious Achiuwa,25,C,1170,11.7,1.7,9.8,1.4,1.3,0.502,0.278,0.594,1.4,10.1,1.1,9,2.1,3.1,6.6,13.6,-1.9,0,14.9
285,Nikola Jovié?,21,PF,1156,15.4,4.1,5.6,1.2,0.4,0.456,0.371,0.828,1.9,11.7,6.5,5.2,2.7,0.8,4.8,13.8,0.3,0.7,18.3
286,Justin Edwards,21,SF,1155,13.9,2.2,4.6,1.4,0.5,0.455,0.363,0.696,1.5,11.8,5.9,5.9,1.4,1.4,3.2,11.3,-3.7,-0.5,16.9
287,Vit Krejci,24,PG,1153,12.9,4.6,4.9,1.1,0.8,0.497,0.437,0.711,1.6,9.1,6.4,2.7,1.4,0.7,4.2,12.7,0.7,0.8,12.9
288,Jonathan Kuminga,22,PF,1144,22.6,3.3,6.8,1.2,0.7,0.454,0.305,0.668,2.2,17.9,4.8,13.1,7.4,1.8,5.1,15.7,-0.6,0.4,27.4
289,Kevon Looney,28,C,1142,10.8,3.7,14.6,1.5,1.2,0.514,0.4,0.566,1.2,8.8,0.2,8.6,3.1,5.8,8.7,17,0.3,0.7,13.3
290,Kenrich Williams,30,PF,1132,13.9,3.1,7.7,1.4,0.3,0.483,0.386,0.718,1.2,11.3,5.4,5.8,1.2,2.1,5.6,13.7,0.6,0.7,15.4
291,Julian Phillips,21,SF,1123,11.7,1.3,5.4,1.2,0.6,0.446,0.327,0.789,0.9,9.2,4.9,4.3,2.4,2.1,3.3,10.2,-3,-0.3,12.9
292,Aaron Nesmith,25,SF,1123,17.3,1.7,5.7,1.1,0.5,0.507,0.431,0.913,1.2,12.1,6.3,5.9,2.6,1.2,4.5,14.6,-0.5,0.4,17.4
293,Dalano Banton,25,PG,1120,18,5.1,4.3,1.4,1.1,0.391,0.324,0.728,2.8,16.3,7.1,9.2,4,1,3.4,12.9,-0.8,0.3,24.1
294,Ja'Kobe Walter,20,SG,1103,14.7,2.6,5.2,1.4,0.3,0.405,0.349,0.795,1.6,12.8,6.1,6.8,2.7,1.9,3.3,10.8,-3,-0.3,18.2
295,Jaxson Hayes,24,C,1093,12.6,1.9,8.9,1,1.7,0.722,0,0.622,1.4,7.3,0.1,7.2,3.2,2.6,6.3,15.8,-0.3,0.5,12.4
296,Cameron Payne,30,PG,1090,16.5,6.7,3.4,1.3,0.5,0.401,0.363,0.907,1.7,14.7,8.5,6.3,1.8,0.5,3,13.8,-0.2,0.5,20.8
297,Jonathan Isaac,27,PF,1090,12.6,1.3,10.4,2,2.6,0.414,0.258,0.682,1.1,10.7,5,5.7,3.5,4,6.4,16.6,0.7,0.7,16.2
298,DaQuan Jeffries,27,SG,1071,10.6,1.8,4.5,0.9,0.8,0.405,0.335,0.8,1.2,9.8,5.5,4.3,1,1.2,3.3,7.9,-4.7,-0.7,13.5
299,Jusuf Nurkié?,30,C,1063,15.3,3.9,13.5,1.4,1.2,0.477,0.305,0.664,3.3,11.9,3.6,8.4,4.3,2.9,10.6,15.2,-1.3,0.2,20.6
300,Jusuf Nurkié?,30,C,592,13.1,2.9,13.9,1.4,1,0.454,0.322,0.696,3.5,9.9,3.6,6.3,4.2,2.8,11.1,12.6,-3.4,-0.2,18.7
301,Seth Curry,34,SG,1062,15.1,2,3.8,0.9,0.2,0.478,0.456,0.846,1.1,11.6,6.2,5.5,1.3,0.8,3,12.2,-1.7,0.1,15.7
302,Cody Williams,20,SG,1060,7.8,2,3.8,0.8,0.5,0.323,0.259,0.725,1.5,8.7,4.6,4.1,1.4,0.9,2.9,3.7,-7.3,-1.4,12.5
303,Isaac Okoro,24,SG,1053,11.5,2.3,4.4,1.1,0.5,0.464,0.371,0.717,0.8,9.1,5.2,4,1.6,1.7,2.8,10.7,-0.5,0.4,12.5
304,Oso Ighodaro,22,PF,1045,8.8,2.4,7.6,1,1,0.604,0,0.58,1.3,6.4,0.1,6.4,1.7,2.3,5.4,11.1,-2.6,-0.2,10.5
305,Jared Butler,24,SG,1044,18.7,7.6,3.8,1.4,0.4,0.448,0.355,0.824,2.8,15.6,5.8,9.8,3.1,0.9,2.9,15.6,-1,0.3,23.6
306,Jared Butler,24,SG,682,16.9,7.3,3.6,1.6,0.4,0.426,0.352,0.87,2.7,14.6,6.8,7.9,2.4,0.6,3.1,14.5,-2.1,0,22.2
307,Jamison Battle,23,SF,1042,14.5,1.8,5.5,0.6,0.3,0.429,0.405,0.889,0.9,12,8.9,3,0.6,1.3,4.2,10.7,-2.3,-0.1,15.3
308,Noah Clowney,20,PF,1042,14.5,1.4,6.3,0.8,0.7,0.358,0.333,0.838,1.6,12.9,9,3.8,2.8,1.5,4.8,9.2,-4.1,-0.5,19
309,Alex Caruso,30,SG,1041,13.2,4.7,5.5,3,1,0.446,0.353,0.824,1.3,10.9,5.9,5,1.8,1.3,4.2,15.9,4,1.6,15.2
310,Kris Murray,24,SF,1040,9.9,2.4,6.3,1.2,0.6,0.419,0.225,0.456,1.5,9.7,4.2,5.5,2,2.6,3.7,9.1,-3,-0.3,13.9
311,Dejounte Murray,28,PG,1012,19.3,8.1,7.1,2.2,0.4,0.393,0.299,0.823,3.8,17.6,6.2,11.4,4.4,0.6,6.5,15.4,-1.6,0.1,27.3
312,Jalen Suggs,23,PG,1002,20.4,4.6,5.1,1.8,1.2,0.41,0.314,0.882,3.7,17.3,8.7,8.6,4,0.8,4.2,14.4,0.4,0.6,27.5
313,Kyle Anderson,31,PF,1002,12.8,5.2,7.4,1.4,1.2,0.469,0.357,0.738,1.3,10.9,2.5,8.4,2.3,1.9,5.5,15.1,1.5,0.9,15.9
314,Kyle Anderson,31,PF,541,12.6,5.4,7.3,1.7,1.3,0.45,0.365,0.667,1.3,11.2,3.5,7.8,1.8,1.8,5.5,14.8,2.3,0.6,15.7
315,Brandon Boston Jr.,23,SG,993,16.2,3.3,4.9,1.9,0.3,0.436,0.35,0.788,1.9,13.8,5.1,8.7,3.1,1,3.8,12.7,-2.5,-0.1,20
316,Dalen Terry,22,SG,987,11.9,3.5,4.5,1.6,0.5,0.448,0.356,0.71,1.9,9.8,3.8,6,2.5,1.4,3.1,9.6,-3.8,-0.5,14.9
317,Andre Jackson Jr.,23,SG,980,8.4,3,6.7,1.2,0.5,0.477,0.395,0.5,2.1,7.2,2.8,4.4,0.9,2.4,4.3,8.6,-3.4,-0.3,11.9
318,Zach Collins,27,PF,977,15,4.1,10.6,1.1,1.1,0.507,0.302,0.885,2.2,11.1,3.9,7.2,2.9,3.8,6.9,16,0,0.5,17.1
319,Zach Collins,27,PF,552,15.7,3.8,12.2,1,0.9,0.541,0.3,0.884,2.4,11.1,3.9,7.2,2.8,4.2,8,17.2,0.1,0.3,17.1
320,Trayce Jackson-Davis,24,C,967,15.2,3.9,11.6,0.9,1.4,0.576,0,0.578,1.7,11.2,0.1,11.1,3.8,4.5,7,18.5,1.2,0.8,17.1
321,Thomas Bryant,27,C,963,16,2,9.4,1,1.5,0.508,0.324,0.859,1.1,12,5.5,6.5,2.4,3.1,6.3,17.2,0.6,0.6,17.1
322,Thomas Bryant,27,C,848,16.5,2.1,9.3,1.1,1.4,0.515,0.321,0.83,1.2,12.4,5.6,6.9,2.3,3.3,6,17.4,0.7,0.6,17.6
323,Jalen Smith,24,C,962,19.6,2.4,13.4,0.6,1.6,0.466,0.324,0.809,1.4,15.3,8.3,7,3.3,3.3,10,18.7,0.9,0.7,21
324,Jordan Clarkson,32,SG,962,22.5,5.2,4.4,1.2,0.3,0.408,0.362,0.797,3.2,18.4,8.7,9.8,5.4,0.9,3.5,14.5,-1.5,0.1,27.8
325,Gary Payton II,32,SG,927,15.5,3.2,7.2,2,0.7,0.574,0.326,0.711,1.5,11.6,3.7,7.9,1.5,2.1,5.1,16.2,1.4,0.8,16.1
326,Brandon Miller,22,SF,924,22.1,3.8,5.1,1.1,0.8,0.403,0.355,0.861,3,19.1,11.4,7.7,3.1,1,4.1,14,0,0.4,27.7
327,Bruce Brown,28,PG,922,13.3,3.3,6.4,1.3,0.4,0.421,0.333,0.815,1.5,12.1,3.2,8.9,2.5,1.6,4.8,10.9,-3.8,-0.4,17.2
328,Bruce Brown,28,PG,569,12,3.5,6.1,1.1,0.4,0.41,0.356,0.75,1.3,11.3,2.8,8.4,2.3,1.5,4.6,10.1,-4.6,-0.4,15.9
329,Immanuel Quickley,25,PG,918,22.1,7.5,4.6,0.9,0.2,0.42,0.378,0.867,2.3,17.2,8.8,8.4,5,0.6,4,17.5,2.2,1,25.1
330,Trendon Watford,24,PF,913,17.7,4.5,6.3,1.1,0.5,0.469,0.33,0.762,3.3,13.8,3.5,10.3,4.8,1.5,4.8,13,-3.1,-0.3,23.3
331,KJ Martin,24,PF,912,10.8,1.9,4.9,0.7,0.9,0.552,0.259,0.787,0.9,7.9,2.3,5.6,1.9,1.2,3.7,10.2,-3.6,-0.4,11.5
332,Jaden Hardy,22,SG,907,19.7,3.2,3.5,1.1,0.2,0.435,0.386,0.698,3.3,16.4,7.8,8.6,3.4,0.4,3.2,10.4,-4.7,-0.6,25.3
333,Day'Ron Sharpe,23,C,907,15.8,3.6,13.1,1.6,1.7,0.521,0.244,0.757,2.5,12.6,1.8,10.8,2.9,5.9,7.2,19.7,0.9,0.7,19.9
334,Adem Bona,21,C,905,13.4,1.1,9.7,1,2.7,0.703,0,0.67,2.4,7.6,0,7.6,4,3.7,6.1,16.5,-2.7,-0.2,14.3
335,Tre Jones,25,PG,905,13.1,7.6,4.6,1.5,0.4,0.538,0.396,0.821,1.4,9.5,1.9,7.6,2.7,1.2,3.4,16.3,1.5,0.8,14.1
336,Jaden Ivey,22,SG,898,21.2,4.8,5,1.1,0.4,0.46,0.409,0.733,3.6,16.6,6.2,10.4,4.7,1.6,3.4,14.7,0,0.5,26
337,Kelly Olynyk,33,C,891,15.5,5.2,8.3,1.3,0.8,0.5,0.418,0.769,3.1,10.8,3.2,7.6,4.4,2.5,5.8,14.9,-0.7,0.3,18.5
338,Kelly Olynyk,33,C,508,15.1,5.1,8.3,1.2,0.8,0.5,0.389,0.754,2.9,10.6,2.6,8.1,4.6,2.6,5.7,14.8,-1.4,0.1,18.2
339,Chet Holmgren,22,C,877,19.7,2.6,10.5,0.9,2.9,0.49,0.379,0.754,2.3,14,4.8,9.2,5.5,2,8.6,19.2,2.4,1,22
340,Neemias Queta,25,C,863,12.9,1.9,9.8,0.8,1.8,0.65,0,0.754,1.7,8.5,0.1,8.3,2.5,3.7,6.1,16.3,-0.7,0.3,13.7
341,Alec Burks,33,SG,863,14.9,2.3,5.2,1.2,0.3,0.424,0.425,0.776,1.2,11.3,8.6,2.7,2,0.6,4.5,12.8,0.3,0.5,16.5
342,Chris Boucher,32,PF,862,21,1.4,9.4,1,1,0.492,0.363,0.782,1.2,15.5,8.1,7.4,3.6,2.9,6.4,18.7,2.3,0.9,21.2
343,Zion Williamson,24,PF,857,31,6.7,9.1,1.6,1.1,0.567,0.231,0.656,3.8,21.3,0.5,20.8,10.1,3.2,5.9,27.3,7,1.9,34.7
344,Khris Middleton,33,SF,843,18.8,6.4,5.9,1.5,0.3,0.475,0.361,0.857,2.4,14.4,5.7,8.7,3.6,0.6,5.3,16.7,0.7,0.6,22
345,Khris Middleton,33,SF,534,19.6,6.9,5.7,1.1,0.3,0.512,0.407,0.848,2.5,14.2,5.8,8.4,3.1,0.3,5.4,17.8,2.2,0.6,22
346,KJ Simpson,22,PG,842,12.1,4.8,4.7,1.5,0.3,0.346,0.254,0.82,2.4,12.9,5.6,7.3,2.1,1.7,3,8.3,-5.4,-0.7,19.1
347,Shake Milton,28,SG,837,13.5,4.4,4.5,1.1,0.2,0.453,0.358,0.797,1.7,10.9,4.6,6.4,2.5,1.3,3.1,11.9,-2.2,0,16.7
348,Garrison Mathews,28,SG,830,15.3,2.6,3.8,1.1,0.7,0.397,0.39,0.821,1.3,11.1,9.5,1.7,3.4,0.6,3.2,11.2,-1.6,0.1,15.9
349,Cam Whitmore,20,SF,827,20.8,2.1,6.6,1.3,0.6,0.444,0.355,0.75,2,17.5,8,9.6,3.1,1.6,5,15.5,0.3,0.5,23.9
350,Ryan Rollins,22,PG,820,15.3,4.6,4.7,1.8,0.7,0.487,0.408,0.8,2.3,11.9,5.3,6.6,2,0.9,3.8,14,-0.5,0.3,18.4
351,Marcus Sasser,24,PG,811,16.6,5.9,3.1,1.6,0.2,0.463,0.382,0.843,2.4,13.1,6.7,6.4,2.3,0.8,2.3,14,-0.6,0.3,19.4
352,Steven Adams,31,C,794,10.2,3,14.8,1,1.3,0.545,0,0.462,2.4,7.6,0.1,7.5,4.2,7.5,7.3,16.6,0.3,0.5,13.6
353,Aaron Holiday,28,PG,792,15.5,3.8,3.5,0.9,0.5,0.437,0.398,0.829,1.7,12.2,8.2,4,1.9,0.6,3,12.2,-0.2,0.3,16.8
354,Karlo Matkovié?,23,PF,791,14.8,2.1,9.5,1,1.9,0.574,0.318,0.773,2,10.7,3,7.7,2,2.9,6.6,15.6,-2,0,15.9
355,Caleb Houstan,22,SF,788,10.9,1.6,3.4,1,0.3,0.421,0.4,0.882,0.6,8.7,7.3,1.4,0.8,0.9,2.6,9.4,-2.2,0,11.7
356,Vasilije Micié?,31,PG,785,12.3,5.9,4.1,0.7,0,0.348,0.36,0.829,3.5,12.5,5.7,6.8,1.9,0.9,3.2,6.5,-7,-1,19.9
357,Vasilije Micié?,31,PG,764,12.7,6,4.1,0.7,0,0.348,0.36,0.829,3.5,12.9,5.9,7,1.9,0.9,3.2,6.8,-6.8,-0.9,20.3
358,Jaylin Williams,22,PF,784,12.8,5.5,12,1,1.3,0.439,0.399,0.767,1.6,10.1,7,3.1,1.4,2.2,9.8,16.4,4.3,1.2,14.6
359,Pelle Larsson,23,SG,782,11.6,3,4.2,1.5,0.3,0.438,0.337,0.672,1.1,9.3,4.4,5,2.8,1.3,2.9,10.2,-3.1,-0.2,14.4
360,Cam Thomas,23,SG,781,27.6,4.3,3.8,0.7,0.1,0.438,0.349,0.881,2.9,20.9,9,11.9,7,0.7,3.1,18,0.3,0.5,32.6
361,Lindy Waters III,27,SG,778,11.8,2.4,5.1,1.2,0.5,0.369,0.344,0.727,0.9,11.5,8.6,2.9,0.5,0.9,4.2,8.8,-2.8,-0.2,14.8
362,Lindy Waters III,27,SG,655,11.5,2.3,5.3,1.2,0.5,0.371,0.331,0.727,0.9,11.3,8.1,3.1,0.6,0.9,4.4,8.4,-3.1,-0.2,14.6
363,Lonzo Ball,27,PG,777,12.4,5.3,5.5,2.2,0.8,0.366,0.344,0.815,1.9,11.3,9,2.2,1.3,1.2,4.3,12.2,0.2,0.4,15.9
364,Orlando Robinson,24,C,770,14.2,3.6,10.3,0.8,0.7,0.444,0.327,0.771,2.3,12.2,2.4,9.8,3.3,4.2,6.1,12.9,-3.4,-0.3,18.5
365,Orlando Robinson,24,C,713,14.3,3.4,10.4,0.7,0.8,0.447,0.34,0.794,2.3,12.3,2.4,9.9,3.2,4.3,6.1,12.9,-3.5,-0.3,18.6
366,Eric Gordon,36,SG,768,12.5,3,2.2,1.2,0.6,0.426,0.409,0.75,1.3,9.6,6.4,3.1,2.3,0.4,1.8,10.8,-1.6,0.1,14.4
367,Gui Santos,22,PF,762,10.7,3.8,8.1,1.2,0.5,0.458,0.33,0.69,2,8.5,4.9,3.6,2,3.4,4.7,11.7,-1.7,0.1,13.2
368,Landry Shamet,27,SG,762,13.5,1.3,2.9,1.1,0.1,0.461,0.397,0.667,1,10.9,7.4,3.5,0.9,0.5,2.4,9.7,-2.4,-0.1,14.8
369,Svi Mykhailiuk,27,SF,760,15.8,3.6,4.3,0.9,0.3,0.391,0.345,0.8,2.5,14.3,9.6,4.7,1.7,1,3.2,9.8,-3.5,-0.3,20.3
370,Andre Drummond,31,C,751,14,1.6,14.9,1.9,0.9,0.5,0.15,0.622,2.6,11.2,1,10.3,4.3,5.2,9.6,16,-3.2,-0.2,19.1
371,Jabari Walker,22,SF,749,15,1.8,10.1,1.6,0.3,0.515,0.389,0.69,1.6,11,3.5,7.5,3.4,2.8,7.3,15,-0.8,0.2,16.3
372,Jay Huff,26,C,748,21.1,1.8,6.2,0.8,2.7,0.515,0.405,0.786,1.6,14.7,9.6,5.1,2.7,1.4,4.8,18.2,3.5,1.1,19.6
373,Drew Eubanks,27,C,746,13.5,2.6,10.9,0.6,1.9,0.593,0.5,0.662,2,9.4,0.3,9.1,3.4,2.9,8,15.6,-0.7,0.3,15.1
374,Drew Eubanks,27,C,568,13.6,2.9,10.6,0.6,2,0.607,0.6,0.632,2,9.2,0.3,8.9,3.6,2.5,8.1,15.9,0,0.3,14.8
375,Talen Horton-Tucker,24,SG,724,18.8,4.1,5,1,0.5,0.457,0.336,0.735,2,14.5,6.1,8.4,4.9,0.9,4,13.8,-2.4,-0.1,21.6
376,Gary Harris,30,SG,711,7.3,1.5,3.2,1.3,0.6,0.383,0.356,0.583,0.9,6.7,5.1,1.6,0.6,1,2.2,6.9,-2.7,-0.1,9.5
377,Micah Potter,26,C,705,8.3,1.6,8.4,0.7,0.7,0.422,0.316,0.85,1.6,6.9,5,1.9,1,2.2,6.2,8.5,-3.5,-0.3,10.3
378,Jett Howard,21,SF,701,13.7,2.3,3.6,0.7,0.6,0.374,0.296,0.696,1.8,13.5,9.6,3.9,1.2,1,2.6,7.1,-5.3,-0.6,19.2
379,Quinten Post,24,PF,686,17.8,2.9,7.8,0.8,0.9,0.449,0.408,0.778,1.7,14.4,9.4,5,1.4,1.8,5.9,14.2,0.1,0.4,19.6
380,Blake Wesley,21,SG,683,11.4,6,3.2,2,0.3,0.435,0.293,0.623,2.8,9.8,3.1,6.7,3.2,0.9,2.3,9.9,-4.2,-0.4,16.7
381,Sandro Mamukelashvili,25,PF,681,20.4,2.5,9.9,1.2,0.9,0.502,0.373,0.741,1.4,14.9,8.5,6.3,3.1,3.3,6.6,19.7,2.3,0.7,20.8
382,Marcus Smart,30,PG,680,16.1,5.8,3.8,2.1,0.5,0.393,0.348,0.761,2.9,13.6,7.5,6.1,3.8,1,2.9,12.4,-1.5,0.1,20.6
383,Jalen Pickett,25,SG,666,10.8,5.8,3.8,1,0.3,0.428,0.396,0.75,1.3,9.7,5.5,4.3,0.4,0.8,3,10.9,-1.5,0.1,13.2
384,Tosan Evbuomwan,23,SF,665,14.5,3,6.5,1.3,0.5,0.427,0.312,0.753,2.1,11.9,4.2,7.7,4,1.7,4.8,11.6,-3.2,-0.2,19.1
385,Antonio Reeves,24,SG,660,16.6,2.1,3.4,1.1,0.2,0.456,0.395,0.8,1.6,13.5,7,6.5,1.9,1,2.5,11.7,-3.2,-0.2,18.8
386,Kyle Lowry,38,PG,659,7.5,5.2,3.7,1.8,0.6,0.35,0.33,0.818,1.1,6.4,4.8,1.6,1.8,0.6,3.1,9.8,-1.3,0.1,10.1
387,Reed Sheppard,20,PG,654,12.6,4.1,4.3,1.9,0.9,0.351,0.338,0.813,2,13.2,7.8,5.3,0.9,0.9,3.4,9.7,-1.7,0.1,17.8
388,Herbert Jones,26,SF,648,11.4,3.6,4.3,2.1,0.5,0.436,0.306,0.825,1.9,9.6,4,5.6,2.2,1.2,3.1,10.4,-3.6,-0.3,14.6
389,AJ Johnson,20,SG,639,12.4,4.3,3.3,0.7,0.2,0.385,0.267,0.865,2,12,5.1,6.9,2.1,0.5,2.9,7.1,-8.1,-1,17.4
390,AJ Johnson,20,SG,595,12.1,4.2,3.1,0.7,0.2,0.381,0.247,0.886,1.9,11.7,5.1,6.6,2.1,0.5,2.7,6.9,-8.3,-0.9,17
391,Maxi Kleber,33,PF,637,5.8,2.4,5.4,0.5,1,0.385,0.265,0.762,1.3,5.4,2.8,2.7,1.2,1.4,4,5.6,-3.8,-0.3,8.7
392,Delon Wright,32,PG,635,7.1,4.4,3.7,2,0.7,0.344,0.274,0.6,1.2,7.4,4.1,3.3,1.4,1.5,2.2,9.2,-1.4,0.1,11.3
393,Josh Okogie,26,SG,625,16.3,1.9,6.5,2.8,1,0.443,0.348,0.741,1.8,12.2,5.3,6.9,4.9,2.6,3.9,16.3,1.5,0.6,19.5
394,Jeff Dowtin,27,PG,621,16.5,4.5,3.5,1.4,0.7,0.487,0.4,0.733,0.9,13.3,4.1,9.3,2.6,0.7,2.8,16.1,0.2,0.3,18.6
395,Daniel Theis,32,C,621,9.4,3.5,9.5,1,1.2,0.473,0.243,0.838,1.4,7.5,2.1,5.3,2.1,2.6,7,12.1,-3.3,-0.2,11.6
396,Cory Joseph,33,PG,612,10.4,4.2,4.4,1.5,0.2,0.403,0.364,0.778,1.1,9.1,6.3,2.8,1.1,1,3.4,10.9,-0.8,0.2,12.8
397,Zeke Nnaji,24,PF,608,10.9,1.4,5.3,1.5,2.3,0.496,0.327,0.614,0.8,8.3,3.1,5.3,2.6,2,3.4,12,-1.3,0.1,12.2
398,Kessler Edwards,24,SF,608,9.9,2.5,6.8,1.1,1.2,0.496,0.407,0.923,0.9,8,3.2,4.8,0.8,1.3,5.5,11.3,-1.4,0.1,11.1
399,Pat Connaughton,32,SG,603,12.9,4.2,6.5,0.5,0.7,0.469,0.321,0.774,1.4,10.6,4.8,5.7,1.9,1.1,5.4,12.1,-2.3,0,15.6
400,Ajay Mitchell,22,SG,597,14.1,3.9,4.1,1.5,0.2,0.495,0.383,0.829,1.7,11.1,3.6,7.5,2.1,1.1,3,12,-1.6,0.1,16.2
401,Brandon Ingram,27,SF,595,24.2,5.6,6.1,1,0.7,0.465,0.374,0.855,4.2,20.1,7,13.2,3.3,1,5,16,-0.3,0.3,30.2
402,Jared McCain,20,SG,592,21.4,3.6,3.4,0.9,0,0.46,0.383,0.875,2.3,16.7,8.1,8.6,3.4,0.8,2.6,15.2,0.2,0.3,24.7
403,Cam Reddish,25,SF,589,6.4,1.3,4,2,0.6,0.404,0.277,0.615,0.7,5.7,2.9,2.9,1.6,1,3,7.4,-2.7,-0.1,8.8
404,Jae'Sean Tate,29,SF,588,11.5,2.9,7.2,1.6,0.4,0.473,0.348,0.681,1.3,9.1,2.8,6.2,2.9,3.1,4.1,12.3,-0.7,0.2,13.3
405,Olivier-Maxence Prosper,22,PF,584,12.4,2.5,7.8,1.6,0.4,0.402,0.235,0.645,0.9,10.7,3.1,7.6,4.7,2.7,5.1,12.6,-2.1,0,16.3
406,Jarred Vanderbilt,25,PF,581,9.1,2.5,11.3,2.2,0.6,0.488,0.281,0.556,1.8,7.5,2,5.5,2.2,4.2,7.1,13.2,-1,0.2,12.5
407,Joel Embiid,30,C,574,28.3,5.3,9.7,0.9,1.1,0.444,0.299,0.882,3.9,19.8,4.8,14.9,10.6,2.3,7.5,23.4,3.5,0.8,34.2
408,Monte Morris,29,PG,571,14.7,4.6,4.2,1.3,0.2,0.426,0.36,0.857,1.3,12.3,5.4,6.9,2.6,0.8,3.5,13.1,-1.8,0,18.1
409,Moritz Wagner,27,C,564,24.6,2.7,9.4,1.5,0.8,0.562,0.36,0.718,3.1,15.9,4.8,11.1,7,2.6,6.9,22.3,4,0.9,26.8
410,Malcolm Brogdon,32,PG,564,19.5,6.3,5.8,0.8,0.3,0.433,0.286,0.88,2.4,15.3,3.6,11.7,5.9,1.3,4.5,15.8,-1.5,0.1,23.7
411,John Konchar,28,SG,558,7.2,2.7,9.7,1.9,0.9,0.451,0.371,0.875,1,5.9,4,1.9,0.5,2.4,7.4,12.1,1.7,0.5,8
412,Dwight Powell,33,C,551,7.4,3.6,7.7,1.2,1.4,0.689,0.4,0.651,1.2,4,0.3,3.7,2.8,3.1,4.6,12.9,0,0.3,7.6
413,Dillon Jones,23,SF,551,8.8,3.8,7.9,1,0.3,0.383,0.254,0.607,1.8,8.7,4.1,4.6,1.8,2,5.9,8.1,-4,-0.3,13.3
414,Jordan Goodwin,26,PG,543,10.7,2.8,7.4,2,0.7,0.438,0.382,0.818,1.7,9.5,4.5,5,0.7,2.5,4.9,12.1,-0.8,0.2,14.1
415,Richaun Holmes,31,PF,534,15.5,2.8,11.9,0.6,1.6,0.647,0,0.833,1.4,9.4,0.2,9.2,4,4.2,7.8,19.8,1.1,0.4,14.7
416,Mouhamed Gueye,22,PF,533,13.3,1.8,9.4,1.9,2.2,0.421,0.259,0.762,1,11.5,5.5,6.1,2.8,3,6.4,14.4,-0.6,0.2,15.7
417,Jaylen Clark,23,SG,522,11.2,1.8,3.7,2.5,0.1,0.467,0.431,0.784,0.6,8.3,3.5,4.8,2.6,1.8,1.9,12,-0.2,0.2,12
418,Rob Dillingham,20,PG,516,15.3,6.8,3.5,1.4,0.1,0.441,0.338,0.533,3.7,14.7,5.2,9.6,1,0.8,2.7,10.2,-4.2,-0.3,22.7
419,Colby Jones,22,SG,515,11,3.1,6.1,1.8,0.9,0.457,0.327,0.657,1.6,9,3.4,5.6,2.4,1.5,4.6,11.4,-2.8,-0.1,13.7
420,Craig Porter Jr.,24,PG,513,13.2,5,4.7,1.2,1.1,0.514,0.438,0.719,2.7,9.8,3.4,6.5,2.2,1.3,3.4,13.1,1.1,0.4,15.9
421,Tristan Vukcevic,21,C,513,23.2,2.7,9.1,0.8,1.6,0.496,0.373,0.776,2.9,17,7.2,9.8,4.7,1.8,7.3,17.8,-0.5,0.2,25.7
422,Elfrid Payton,30,PG,511,6,11.7,5.6,1.7,0.8,0.328,0.167,0.571,4.2,8.6,0.4,8.2,0.5,1.1,4.5,8.5,-6.4,-0.6,15.2
423,Jamal Cain,25,SF,502,14.1,1.6,6.1,1.6,0.6,0.43,0.325,0.68,1.6,11.3,5.7,5.6,3.6,1.9,4.2,11.4,-3.4,-0.2,17
424,Keaton Wallace,25,PG,501,12.1,5.8,3.6,2,0.6,0.401,0.329,1,2.4,11.6,5.9,5.7,0.8,0.5,3.1,10.1,-2.3,0,16.4
